iter	RMSE
0	0.2229988854
1	0.2229836219
2	0.2229693325
3	0.222959081
4	0.2229368822
5	0.2229172337
6	0.2228980382
7	0.2228854721
8	0.2228727677
9	0.222855169
10	0.2228427549
11	0.2228298955
12	0.2228170168
